metic,lr,rf,gbt
rmse,1.705651,436.302966,0.000000
r2,0.999994,0.600393,0.000000