metic,lr,rf
rmse,0.010130,432.150372
r2,1.000000,0.607775