day_of_week,avg_trip_time
1,645.7256162213815
2,757.3460262001086
3,738.6581818025832
4,750.6581728480547
5,742.6651981839764
6,759.242552774613
7,668.5290639550941
