call_type,avg_trip_time
B,670.1669153886936
C,785.663713670076
A,754.3227349140773
